{"validation_loss": 4.541982173919678, "bleu": 8.025763658479944}