{"validation_loss": 5.729971885681152, "bleu": 3.6832996676020513}