{"validation_loss": 6.184370517730713, "bleu": 4.113020222489654}