{"validation_loss": 5.281451687216759, "bleu": 1.8236104167382152}