{"validation_loss": 5.780427023768425, "bleu": 2.286360364566182}