{"validation_loss": 5.434591561555862, "bleu": 2.330007650843828}