{"training_time": 49.96189284324646, "tokens_per_sec": 12809.762872835416}