{"training_time": 47.63666844367981, "tokens_per_sec": 13435.02853808224}