{"training_time": 47.758411169052124, "tokens_per_sec": 13400.780811877714}