{"validation_loss": 5.291170060634613, "bleu": 2.2536883964291836}