{"validation_loss": 5.411598592996597, "bleu": 2.386256543443024}