{"validation_loss": 5.687430828809738, "bleu": 2.0571974920161242}