{"training_time": 38.21772742271423, "tokens_per_sec": 16746.155335746727}