{"training_time": 38.262001037597656, "tokens_per_sec": 16726.778073397476}