{"training_time": 38.72421836853027, "tokens_per_sec": 16527.125064455893}